{"loss": [0.8221547603607178, 0.821574330329895, 0.8209907412528992, 0.8204055428504944, 0.8198199272155762, 0.8192375898361206, 0.81864994764328, 0.8180667161941528, 0.81748366355896, 0.8169031143188477, 0.8163225650787354, 0.8157463669776917, 0.8151707053184509, 0.8145949244499207, 0.8140245079994202, 0.8134533762931824, 0.8128864765167236, 0.8123195171356201, 0.8117546439170837, 0.811192512512207, 0.8106334805488586, 0.810075044631958, 0.8095176219940186, 0.8089640736579895, 0.808411717414856, 0.8078614473342896, 0.8073126673698425, 0.8067664504051208, 0.8062211871147156, 0.8056806325912476, 0.8051412105560303, 0.8046032786369324, 0.8040661811828613, 0.8035328388214111, 0.8030003905296326, 0.8024700880050659, 0.8019443154335022, 0.8014160394668579, 0.8008916974067688, 0.8003685474395752, 0.799849271774292, 0.799331545829773, 0.7988147139549255, 0.7983003854751587, 0.7977887988090515, 0.7972776889801025, 0.7967701554298401, 0.7962631583213806, 0.7957587838172913, 0.7952538132667542, 0.7947554588317871, 0.7942559719085693, 0.7937577962875366, 0.7932613492012024, 0.7927680015563965, 0.7922762632369995, 0.7917863726615906, 0.7912980318069458, 0.7908118963241577, 0.7903248071670532, 0.7898436188697815, 0.7893611788749695, 0.7888839840888977, 0.7884052991867065, 0.7879297137260437, 0.7874557971954346, 0.7869822978973389, 0.7865114808082581, 0.7860404253005981, 0.7855752110481262, 0.7851086258888245, 0.7846444845199585, 0.7841833233833313, 0.7837213277816772, 0.7832634449005127, 0.7828035950660706, 0.7823493480682373, 0.7818957567214966, 0.781442403793335, 0.7809919714927673, 0.7805430293083191, 0.7800956964492798, 0.7796515226364136, 0.7792061567306519, 0.7787638306617737, 0.7783231139183044, 0.7778844237327576, 0.777446448802948, 0.7770117521286011, 0.7765790820121765, 0.7761463522911072, 0.7757121324539185, 0.7752829194068909, 0.774855375289917, 0.774432361125946, 0.7740060091018677, 0.7735838890075684, 0.7731618881225586, 0.77274489402771, 0.7723276019096375], "val_loss": [0.6932045817375183, 0.6932604908943176, 0.6933177709579468, 0.6933755874633789, 0.6934329271316528, 0.6934912204742432, 0.6935499310493469, 0.6936097145080566, 0.6936689615249634, 0.6937296390533447, 0.6937896609306335, 0.6938502788543701, 0.6939119696617126, 0.6939746141433716, 0.6940363645553589, 0.6940999031066895, 0.6941623687744141, 0.6942264437675476, 0.6942912340164185, 0.6943552494049072, 0.6944203972816467, 0.6944862008094788, 0.6945522427558899, 0.6946191191673279, 0.6946858763694763, 0.6947535276412964, 0.6948218941688538, 0.6948902606964111, 0.6949589848518372, 0.6950288414955139, 0.6950976848602295, 0.6951686143875122, 0.6952391862869263, 0.6953105330467224, 0.6953824758529663, 0.695454478263855, 0.6955274343490601, 0.6956004500389099, 0.6956735849380493, 0.6957480907440186, 0.6958228349685669, 0.6958979368209839, 0.6959728598594666, 0.6960495114326477, 0.6961258053779602, 0.6962023973464966, 0.6962796449661255, 0.6963577270507812, 0.6964365839958191, 0.6965151429176331, 0.6965943574905396, 0.6966741681098938, 0.6967547535896301, 0.6968349814414978, 0.6969162821769714, 0.6969975829124451, 0.6970802545547485, 0.6971623301506042, 0.6972458362579346, 0.6973291635513306, 0.6974135637283325, 0.6974980235099792, 0.6975827813148499, 0.6976685523986816, 0.6977542638778687, 0.6978410482406616, 0.6979274749755859, 0.6980152726173401, 0.6981034874916077, 0.69819176197052, 0.6982801556587219, 0.6983702182769775, 0.6984590888023376, 0.6985498666763306, 0.6986408829689026, 0.6987320780754089, 0.6988236308097839, 0.6989158987998962, 0.6990088820457458, 0.6991019248962402, 0.6991958618164062, 0.6992899179458618, 0.6993842720985413, 0.6994799375534058, 0.6995753049850464, 0.6996721625328064, 0.6997685432434082, 0.6998656392097473, 0.6999627947807312, 0.7000612616539001, 0.7001602649688721, 0.7002593278884888, 0.7003591060638428, 0.7004586458206177, 0.7005598545074463, 0.7006607055664062, 0.7007622122764587, 0.7008642554283142, 0.7009668946266174, 0.7010704874992371]}