{"loss": [0.7129368185997009, 0.6597549915313721, 0.6212685108184814, 0.5931777358055115, 0.5714036822319031, 0.5536257028579712, 0.5396710634231567, 0.5295432209968567, 0.5114878416061401, 0.5031313896179199, 0.4961440861225128, 0.4807102382183075, 0.4730144739151001, 0.4682675004005432, 0.45470741391181946, 0.4564347565174103, 0.4493017792701721, 0.44025662541389465, 0.4313829839229584, 0.42991188168525696, 0.43324530124664307, 0.41911205649375916, 0.4191199541091919, 0.41516977548599243, 0.4110063314437866, 0.4068768620491028, 0.4046586751937866, 0.4060285985469818, 0.39442750811576843, 0.3911452889442444, 0.39160871505737305, 0.39175134897232056, 0.38796600699424744, 0.3858065605163574, 0.37866076827049255, 0.3835131824016571, 0.3759530782699585, 0.3798477053642273, 0.37228506803512573, 0.3658173978328705, 0.3663593530654907, 0.36424022912979126, 0.36732199788093567, 0.3624086081981659, 0.35980933904647827, 0.35509470105171204, 0.35595688223838806, 0.35122981667518616, 0.3557531535625458, 0.3462003469467163, 0.3512658178806305, 0.3453671634197235, 0.34326642751693726, 0.3441253900527954, 0.33648034930229187, 0.3383743166923523, 0.33812692761421204, 0.3345080018043518, 0.3348466753959656, 0.33024293184280396, 0.33091509342193604, 0.3265511691570282, 0.32663166522979736, 0.3264801800251007, 0.3239341676235199, 0.3234688937664032, 0.32209512591362, 0.31689393520355225, 0.319749653339386, 0.317983478307724, 0.3139111399650574, 0.31199946999549866, 0.3134170174598694, 0.3063174784183502, 0.30520519614219666, 0.3026338219642639, 0.30534547567367554, 0.3016727864742279, 0.30184581875801086, 0.3011751174926758, 0.29679420590400696, 0.2964126467704773, 0.2900818884372711, 0.290281742811203, 0.29215845465660095, 0.28759074211120605, 0.2833341062068939, 0.2889453172683716, 0.28536543250083923, 0.2843860685825348, 0.2875567078590393, 0.28327512741088867, 0.27781397104263306, 0.2827872633934021, 0.27942439913749695, 0.2717561423778534, 0.2730470597743988, 0.2759269177913666, 0.27127131819725037, 0.26851487159729004], "val_loss": [0.7043182253837585, 0.7280234098434448, 0.7726277112960815, 0.8348680138587952, 0.8756075501441956, 0.8317258954048157, 0.7143500447273254, 0.598132312297821, 0.5193079113960266, 0.48078617453575134, 0.45279306173324585, 0.4358554482460022, 0.4265095889568329, 0.4181598424911499, 0.40778547525405884, 0.40182891488075256, 0.3967582881450653, 0.3881113827228546, 0.3858146071434021, 0.37881359457969666, 0.3715033531188965, 0.3675895929336548, 0.3642379343509674, 0.3580545485019684, 0.3561438024044037, 0.35076218843460083, 0.34903058409690857, 0.34269943833351135, 0.34134966135025024, 0.3367824852466583, 0.3368622064590454, 0.3329989016056061, 0.32737261056900024, 0.32583120465278625, 0.32449525594711304, 0.31856095790863037, 0.3155057430267334, 0.3139134347438812, 0.3125031590461731, 0.31260254979133606, 0.30879542231559753, 0.30666282773017883, 0.30209094285964966, 0.3035595715045929, 0.3020944893360138, 0.301753431558609, 0.295727401971817, 0.299434632062912, 0.29591500759124756, 0.2936494052410126, 0.2888898253440857, 0.2894301414489746, 0.28945592045783997, 0.2878212034702301, 0.2877853810787201, 0.28593793511390686, 0.2838817834854126, 0.2812936305999756, 0.2789038121700287, 0.27693477272987366, 0.2753453254699707, 0.2750374972820282, 0.27538344264030457, 0.2731407582759857, 0.2694123387336731, 0.26769280433654785, 0.2678108811378479, 0.26723772287368774, 0.26442036032676697, 0.26362907886505127, 0.26432785391807556, 0.2627074122428894, 0.2572723627090454, 0.2598916292190552, 0.257173091173172, 0.2580231726169586, 0.2537679672241211, 0.2522454261779785, 0.25037139654159546, 0.2518700063228607, 0.25158798694610596, 0.24863512814044952, 0.24812054634094238, 0.24568243324756622, 0.24459636211395264, 0.2453925460577011, 0.24318420886993408, 0.24251744151115417, 0.2404332458972931, 0.24018655717372894, 0.23919163644313812, 0.2370450794696808, 0.23556223511695862, 0.23622068762779236, 0.2323383241891861, 0.23549288511276245, 0.23179838061332703, 0.23047742247581482, 0.2323608696460724, 0.229600727558136]}